file_name,trajectory_id,family,attempt,duration_s,samples,segment_duration_s,residual_rms_J1,residual_rms_J2,residual_rms_J3,residual_max_J1,residual_max_J2,residual_max_J3,tracking_rms_deg_J1,tracking_rms_deg_J2,tracking_rms_deg_J3,tracking_max_deg_J1,tracking_max_deg_J2,tracking_max_deg_J3
run_healthy_H01_nominal_jitter_j0_s0_attempt001_20260605_003131.mat,H01_nominal_jitter,nominal_jitter,1,19.7007057128304,19762,4.92523523761014,0.195273658122914,0.379835654702168,0.130835464021658,0.427699261065905,0.803146882750916,0.241227790714758,0.0795606887418334,2.6042771157913,3.63885466784926,0.164534070576233,3.57699417770898,4.21169913802496
run_healthy_H02_slow_nominal_jitter_j0_s0_attempt002_20260605_003144.mat,H02_slow_nominal_jitter,slow_nominal_jitter,2,26.2896329119003,26351,6.57254430396677,0.155380985385924,0.347584032776459,0.108251351490958,0.3486944129094,0.754195916540523,0.206587165551608,0.0618843705323983,2.52001595669981,3.41721141842575,0.126156874049894,3.56955679091186,4.16610322071149
run_healthy_H03_small_range_j0_s0_attempt003_20260605_003157.mat,H03_small_range,small_range,3,21.8869077571502,21948,5.4719692523834,0.0472746665018633,0.257302746685111,0.0981029126052249,0.143537395072536,0.586485166035301,0.212721142704272,0.0187471387191722,2.27421861917051,3.35981204111994,0.0486933465877636,3.1396049257587,4.30304591006913
run_healthy_H04_waist_emphasis_j0_s0_attempt004_20260605_003209.mat,H04_waist_emphasis,waist_emphasis,4,23.6840674077401,23746,5.92102246924672,0.222090016902275,0.0801048145354181,0.045842111604174,0.586240671400092,0.193848590843849,0.122081179546383,0.0896276456146099,1.87795593855007,2.74598838095204,0.228073380726943,2.23486925901971,3.55094925309806
run_healthy_H05_shoulder_emphasis_j0_s0_attempt005_20260605_003222.mat,H05_shoulder_emphasis,shoulder_emphasis,5,24.0107651215757,24072,6.00292170719189,0.134569777167812,0.416289100919405,0.144687881119059,0.315620765588747,0.840857900589912,0.286303242934764,0.0539665932045638,2.57600034240274,3.54401044301298,0.12464499486656,3.61818159079301,4.67118191684522
run_healthy_H06_elbow_emphasis_j0_s0_attempt006_20260605_003233.mat,H06_elbow_emphasis,elbow_emphasis,6,25.8722895609929,25934,6.46809652033096,0.0451795184559307,0.334205011842577,0.132415227981309,0.122665538655234,0.610441288039636,0.275236982882218,0.0176347613720738,2.54174169196154,3.6237003795567,0.0360420716931406,3.23852819848173,4.71494498149042
run_healthy_H07_mixed_medium_j0_s0_attempt007_20260605_003245.mat,H07_mixed_medium,mixed_medium,7,27.0806678356267,27142,5.41616695890667,0.134819731939955,0.145160086186329,0.102216022005335,0.286754612635828,0.300188717640834,0.273404472088874,0.0547526897633241,1.71105147116263,3.04958787692114,0.107178941318397,2.27711813921507,4.66790655532589
run_healthy_H08_long_cycle_j0_s0_attempt008_20260605_003300.mat,H08_long_cycle,long_cycle,8,34.8628569535309,34924,4.98047615892182,0.131145208352941,0.384673251825403,0.188887661441065,0.326726709246216,0.672613215125793,0.362271049069618,0.0533031953034503,2.64930575353445,3.9586664909252,0.13303117792337,3.19803109760685,5.09971000394747
run_healthy_H09_low_acceleration_j0_s0_attempt009_20260605_003314.mat,H09_low_acceleration,low_acceleration,9,31.9203280256229,31982,7.98010934187429,0.0921548128615965,0.115081167074645,0.0657391938191484,0.227207045900325,0.262700944701049,0.185495659051928,0.0363781404554933,1.8142339162772,2.93728497549004,0.0793904318250131,2.49775199169875,4.03271598694149
run_healthy_H10_alternative_inspect_j0_s0_attempt010_20260605_003325.mat,H10_alternative_inspect,alternative_inspect,10,21.2969148471968,21358,5.3243049490656,0.0690753298175912,0.316375862543451,0.111690754540714,0.202449872871061,0.727707983182761,0.254233536701481,0.0277531158575478,2.43429288680037,3.34015123197664,0.0716408329412053,3.44091830953343,4.55212095688599
run_healthy_H11_nominal_jitter_j0_s0_attempt011_20260605_003335.mat,H11_nominal_jitter,nominal_jitter,11,19.7842846299295,19846,4.94609487664316,0.211616913018894,0.384469540180308,0.131341185118475,0.463700171618886,0.787051893837688,0.239291251995159,0.0854477797181706,2.56885276881918,3.6011532772862,0.178018796334859,3.53300941210131,4.39100537798138
run_healthy_H12_slow_nominal_jitter_j0_s0_attempt012_20260605_003348.mat,H12_slow_nominal_jitter,slow_nominal_jitter,12,26.8723263518404,26934,6.71810878394681,0.142769012116791,0.38648175925956,0.125000426767909,0.31903497373021,0.817028111162816,0.21458709960171,0.0567580970186821,2.60261477712096,3.61944491037668,0.115366281881034,3.68496260536614,4.16738630333961
run_healthy_H13_small_range_j0_s0_attempt013_20260605_003358.mat,H13_small_range,small_range,13,22.2241979059054,22286,5.55606596863512,0.0900139105880173,0.0816726186181173,0.0508096882943392,0.236998218900526,0.209568921041175,0.135355006957927,0.0364835866316119,1.75232260994891,2.64324096541386,0.0848048275351728,2.22794583127731,3.67829411915635
run_healthy_H14_waist_emphasis_j0_s0_attempt014_20260605_003409.mat,H14_waist_emphasis,waist_emphasis,14,22.6363667482099,22698,5.6591222494033,0.115352267710847,0.185382708789362,0.0525430508955209,0.312089913871102,0.407128848812581,0.140375495849415,0.0467033384361349,2.15376665823041,2.79418743086774,0.117566444588785,2.87583194578535,3.71343048484733
run_healthy_H15_shoulder_emphasis_j0_s0_attempt015_20260605_003419.mat,H15_shoulder_emphasis,shoulder_emphasis,15,22.3573037456647,22419,5.58943458188824,0.0725927710907717,0.418248223237106,0.167768329000792,0.190035823402658,0.930637910500598,0.43024321118945,0.0293458922706929,2.39680847034683,3.40081305280518,0.0695361492080436,3.4800276745869,5.27861110545502
run_healthy_H16_elbow_emphasis_j0_s0_attempt016_20260605_003430.mat,H16_elbow_emphasis,elbow_emphasis,16,23.4970891475643,23559,5.87436304918809,0.0609606402686847,0.166520676559353,0.108779104861862,0.171676041393888,0.334236801318275,0.25067348748894,0.0243418972115225,2.09377720724541,3.30286612159941,0.0595713971220029,2.41373644183154,4.56981612436753
run_healthy_H17_mixed_medium_j0_s0_attempt017_20260605_003442.mat,H17_mixed_medium,mixed_medium,17,29.1801589475782,29242,5.83603973689454,0.101296877923707,0.35279419716154,0.167792933710475,0.300788905473296,0.714369781184052,0.426479782507061,0.0408191758174637,2.34185757908091,3.38507131343586,0.11333372245419,3.26053075053486,5.27585590329343
run_healthy_H18_long_cycle_j0_s0_attempt018_20260605_003457.mat,H18_long_cycle,long_cycle,18,35.8301456061242,35892,5.11869093435403,0.107192203491082,0.607136677477826,0.290670212500913,0.309664979232755,1.01154485304771,0.522698767567701,0.0419877272779775,3.05663092860844,4.37336963127306,0.101688699271716,3.68991413343753,5.36470366164251
run_healthy_H19_low_acceleration_j0_s0_attempt019_20260605_003511.mat,H19_low_acceleration,low_acceleration,19,30.3626685845196,30424,7.59088952817321,0.0452904152885182,0.235899010816592,0.134078697062733,0.168617628516545,0.513758381581285,0.34426951723036,0.0175750303432416,2.24187126620279,3.2429630278053,0.0541893177529201,2.80652816782658,5.08522065992027
run_healthy_H20_alternative_inspect_j0_s0_attempt020_20260605_003521.mat,H20_alternative_inspect,alternative_inspect,20,22.7662334731174,22828,5.69174449103912,0.101898790116187,0.254043468673273,0.0967007518091653,0.259173336723099,0.602018550375663,0.236173253298188,0.0406587597830272,2.26413288672145,3.14120301163418,0.0931303427244018,3.22619840510275,4.47217529868387
run_healthy_H21_nominal_jitter_j0_s0_attempt021_20260605_003531.mat,H21_nominal_jitter,nominal_jitter,21,19.780866133356,19842,4.94528871111868,0.211761620220319,0.336426270950908,0.106822044276416,0.451612239310247,0.728563411329276,0.247188754864055,0.0856731520316231,2.40158979348512,3.2541013062044,0.173498156819342,3.42999803208722,4.25834817221476
run_healthy_H22_slow_nominal_jitter_j0_s0_attempt022_20260605_003543.mat,H22_slow_nominal_jitter,slow_nominal_jitter,22,26.7897256582574,26851,6.69757521941914,0.152183618118951,0.389356521568888,0.123334759667229,0.337416832989312,0.814690470543036,0.209617734471157,0.060425668408902,2.57499971853028,3.57941286669,0.122513941427598,3.67866618839946,4.26222625472559
run_healthy_H23_small_range_j0_s0_attempt023_20260605_003553.mat,H23_small_range,small_range,23,20.3407871095532,20402,5.08526236985108,0.0435239134155653,0.234828452433863,0.1092179376261,0.118464469736874,0.655184536567047,0.323947337457197,0.0170952661651456,2.04368940242511,3.09814336786595,0.036810494509757,3.1448315021752,4.96283892132743
run_healthy_H24_waist_emphasis_j0_s0_attempt024_20260605_003604.mat,H24_waist_emphasis,waist_emphasis,24,22.8107841639974,22872,5.70292805466581,0.0936905255327238,0.125607446921143,0.0551701424421512,0.232276001227776,0.308006695488618,0.160292319899035,0.0377713086483592,1.91281803266347,2.63741320477809,0.0832103203304268,2.55164429436064,3.88262971505543
run_healthy_H25_shoulder_emphasis_j0_s0_attempt025_20260605_003616.mat,H25_shoulder_emphasis,shoulder_emphasis,25,24.4324256305023,24494,6.1081418768341,0.0394775475336807,0.32715788848062,0.13537559803537,0.145765274300147,0.649278919638986,0.26820968921938,0.0151599292414631,2.36034061777567,3.51577300380684,0.0444384674040315,3.27997724931799,4.60391685963995
run_healthy_H26_elbow_emphasis_j0_s0_attempt026_20260605_003628.mat,H26_elbow_emphasis,elbow_emphasis,26,25.8853350904579,25947,6.47144503015264,0.0722867694347039,0.278627997708462,0.101278172140403,0.184601380456073,0.603262198775266,0.21571845665971,0.0284904312720629,2.36008949275528,3.40768355864076,0.0616803800255605,3.23904479642746,4.3335830963865
run_healthy_H27_mixed_medium_j0_s0_attempt027_20260605_003642.mat,H27_mixed_medium,mixed_medium,27,25.4959284589449,25557,5.09923211473622,0.110348429324085,0.432651094342784,0.131688837484004,0.34437650112976,0.757822008610969,0.279772233086867,0.0437270620384058,2.82402755563666,3.64093487128244,0.125513171996256,3.52588209931405,4.71308963159581
run_healthy_H28_long_cycle_j0_s0_attempt028_20260605_003657.mat,H28_long_cycle,long_cycle,28,32.9533113282618,33015,4.7077185547103,0.0814489228274945,0.278234654005105,0.160314912428916,0.220085342205552,0.771298378912114,0.421572438660574,0.0331751806014211,2.1145999302506,3.5487143977802,0.0787599075946591,3.18691018245991,5.24849871645533
run_healthy_H29_low_acceleration_j0_s0_attempt029_20260605_003711.mat,H29_low_acceleration,low_acceleration,29,31.8299074335193,31891,7.9576358111731,0.0696626896039993,0.226989092006837,0.114646707679425,0.199510567977128,0.547387783198101,0.253062229447009,0.0271257951502881,2.18278045960728,3.02483161241838,0.066693570199282,3.1303363920341,4.41440715207951
run_healthy_H30_alternative_inspect_j0_s0_attempt030_20260605_003722.mat,H30_alternative_inspect,alternative_inspect,30,22.9845074403509,23046,5.74616914678362,0.112084834145232,0.251755249070032,0.0823524327516605,0.28508660805356,0.473174862063269,0.190807647733658,0.0451563676517722,2.40053059241815,3.19610433467466,0.102193153226769,3.02144003766026,4.1755255126967
run_healthy_H31_nominal_jitter_j0_s0_attempt031_20260605_003733.mat,H31_nominal_jitter,nominal_jitter,31,20.9321044424103,20994,5.23303481413676,0.18417865186502,0.345766326241768,0.099311811283597,0.394906417366108,0.834861935999157,0.2162168780457,0.0749150668564641,2.40749485951971,3.23610332710736,0.152715753417109,3.5807135869062,4.04889011888223
run_healthy_H32_slow_nominal_jitter_j0_s0_attempt032_20260605_003744.mat,H32_slow_nominal_jitter,slow_nominal_jitter,32,24.5624437349859,24624,6.14081457832865,0.170230196076232,0.372357232161262,0.132654191776038,0.386036132069268,0.754234176533886,0.228134749980555,0.0678035689355665,2.57597180916143,3.64613604600728,0.142410200327988,3.55590303453293,4.37973761852803
run_healthy_H33_small_range_j0_s0_attempt033_20260605_003754.mat,H33_small_range,small_range,33,19.8646504181438,19926,4.96621680604792,0.112498845523967,0.128465781234254,0.073575737122958,0.269080782556539,0.298172280481955,0.212460391799864,0.045803029018819,1.82736522528667,2.51447010410334,0.102603153175415,2.4184504735882,4.22048179337597
run_healthy_H34_waist_emphasis_j0_s0_attempt034_20260605_003805.mat,H34_waist_emphasis,waist_emphasis,34,20.8608023170927,20922,5.21526743903091,0.12631326925767,0.0667576569100989,0.0249421866056215,0.36011117591073,0.1786088199006,0.0918514854930974,0.0515472667952343,1.82064305797687,2.52271718363984,0.141078934283992,2.12168362086332,3.15338072471732
run_healthy_H35_shoulder_emphasis_j0_s0_attempt035_20260605_003816.mat,H35_shoulder_emphasis,shoulder_emphasis,35,22.9661723517901,23028,5.74172411726335,0.0854817890855056,0.379035209547365,0.149003952324198,0.288294668661029,0.719634332832944,0.373743085818443,0.0333320268575053,2.37224302874766,3.34960991214154,0.0996977418379025,3.39884979127039,5.15905413454357
run_healthy_H36_elbow_emphasis_j0_s0_attempt036_20260605_003827.mat,H36_elbow_emphasis,elbow_emphasis,36,23.1339985317672,23195,5.78366617725574,0.089238483192358,0.303617259471752,0.152719651284058,0.20135755373353,0.575744470011477,0.31775035564729,0.0357940863993437,2.42503839366692,3.65596991811591,0.0697790711720001,3.03624740990313,4.94100872761838
run_healthy_H37_mixed_medium_j0_s0_attempt037_20260605_003841.mat,H37_mixed_medium,mixed_medium,37,30.3962750650304,30458,6.0793187662576,0.120808722125298,0.196135954778357,0.103539703476004,0.235749154802553,0.410332557800322,0.239934629981009,0.0484760939462198,2.10774292414279,3.3797321619893,0.0822992423134861,2.69006073753467,4.61409644603874
run_healthy_H38_long_cycle_j0_s0_attempt038_20260605_003855.mat,H38_long_cycle,long_cycle,38,33.6715716468247,33733,4.81026194113744,0.106511590636116,0.334110293598934,0.151326182254863,0.321491254144195,0.947026524692253,0.460637441369527,0.043597486109389,2.40120625478064,3.4317846780347,0.127605536620845,3.5098613489187,5.29767359735654
run_healthy_H39_low_acceleration_j0_s0_attempt039_20260605_003908.mat,H39_low_acceleration,low_acceleration,39,28.0814640944934,28143,7.02048803149779,0.0768207592050548,0.320667255692953,0.145378957714288,0.233740319945318,0.563096142277068,0.304760845819224,0.030069094721854,2.47159059796314,3.57188457729586,0.0797650727171307,3.11159882647213,4.84003877468015
run_healthy_H40_alternative_inspect_j0_s0_attempt040_20260605_003919.mat,H40_alternative_inspect,alternative_inspect,40,21.88204868357,21943,5.47068289452332,0.07757086525428,0.328626030294305,0.112600009973802,0.235558250430865,0.792981599441559,0.236568052844936,0.030887965173636,2.34988617614971,3.15160053920101,0.082176667344114,3.53782518718635,4.41648798323102
run_healthy_H41_nominal_jitter_j0_s0_attempt041_20260605_003929.mat,H41_nominal_jitter,nominal_jitter,41,19.4845985899813,19546,4.87119952999375,0.208741319438226,0.389838153805624,0.116803315547129,0.439891425494031,0.847938808807738,0.214120578759377,0.0852794354824174,2.56288784443616,3.46725137521339,0.172484884352061,3.61985646209504,4.04960223573242
run_healthy_H42_slow_nominal_jitter_j0_s0_attempt042_20260605_003941.mat,H42_slow_nominal_jitter,slow_nominal_jitter,42,26.733744677258,26795,6.683581559086,0.146166286320527,0.341608881125928,0.0963811982539404,0.319297497566847,0.791472173057574,0.195922632365524,0.0581302986450096,2.41829668563056,3.25388840706912,0.116917009875533,3.63058492257601,4.06184839065586
run_healthy_H43_small_range_j0_s0_attempt043_20260605_003952.mat,H43_small_range,small_range,43,21.8172118072312,21879,5.45440393574372,0.127857840521705,0.15866574669701,0.115196949991069,0.348879024595387,0.334190605569635,0.237220057363885,0.0518925907996061,2.03428030703433,3.47374022317011,0.129520765602938,2.48065789526106,4.48241701658415
run_healthy_H44_waist_emphasis_j0_s0_attempt044_20260605_004003.mat,H44_waist_emphasis,waist_emphasis,44,23.7167151086367,23778,5.92923836954555,0.113535682804021,0.108188152337165,0.0413518575513551,0.275495876958169,0.240577864098142,0.118915364878754,0.0458068102925993,2.01941685451045,2.75311418982544,0.101418303776787,2.35990709090114,3.29930325928673
run_healthy_H45_shoulder_emphasis_j0_s0_attempt045_20260605_004015.mat,H45_shoulder_emphasis,shoulder_emphasis,45,24.0083193250254,24070,6.00210644167512,0.080313168045298,0.331504683524215,0.149756364516188,0.210054515790859,0.639339975399448,0.306698949034052,0.0316565593818621,2.33610079160257,3.55356016609401,0.0707223452038169,3.24566321218926,4.9036025418365
run_healthy_H46_elbow_emphasis_j0_s0_attempt046_20260605_004026.mat,H46_elbow_emphasis,elbow_emphasis,46,24.5680540383966,24630,6.14201801279888,0.14013587286619,0.250530874888934,0.15131133976154,0.337410299986026,0.485043760256683,0.344577079091825,0.0562472513731625,2.28366370221164,3.53715084012923,0.127792054172118,2.73691592652553,5.06374218588405
run_healthy_H47_mixed_medium_j0_s0_attempt047_20260605_004039.mat,H47_mixed_medium,mixed_medium,47,28.9465586693733,29008,5.78938966734333,0.114527587573913,0.395190668212267,0.180490107616604,0.310727686383502,0.815547834418075,0.431076185175615,0.0461745797654278,2.64603649684379,3.736677784803,0.121563924034099,3.51087882932856,5.23436074506068
run_healthy_H48_long_cycle_j0_s0_attempt048_20260605_004054.mat,H48_long_cycle,long_cycle,48,33.5914788164748,33653,4.79891313607913,0.119249926564621,0.168351616235139,0.117690362513949,0.306454381853645,0.412662365880223,0.284260741910976,0.0485953105765677,1.65550824993369,2.88536633407637,0.118048838596233,2.48357334783544,4.80068926482219
run_healthy_H49_low_acceleration_j0_s0_attempt049_20260605_004107.mat,H49_low_acceleration,low_acceleration,49,29.6376076743092,29699,7.40953589143639,0.0564017363233417,0.230654463906483,0.0971604813938733,0.148283034725338,0.543172535352456,0.243737875233117,0.0221401051105339,2.19861856884938,3.18467297348513,0.048526142532018,3.09689552713273,4.53838835210203
run_healthy_H50_alternative_inspect_j0_s0_attempt050_20260605_004120.mat,H50_alternative_inspect,alternative_inspect,50,22.8802819568796,22942,5.72009398562653,0.134449302658638,0.19304946397675,0.0578444129891569,0.30661314737668,0.415638246283386,0.156996470293223,0.0542446405831482,2.23418769249448,2.88734905850968,0.112520378455435,2.86124571674471,3.88830857928817
